{"cameraMode":{"drawMode":0,"name":"Shaded","section":"Shading Mode"},"sceneLighting":true,"audioPlay":false,"sceneViewState":{"m_AlwaysRefresh":false,"showFog":true,"showSkybox":true,"showFlares":true,"showImageEffects":true,"showParticleSystems":true,"showVisualEffectGraphs":true,"m_FxEnabled":true},"in2DMode":false,"pivot":{"x":-0.18248391151428224,"y":2.7883639335632326,"z":-9.24677848815918},"rotation":{"x":0.00038270282675512135,"y":-0.9996122121810913,"z":-0.017685335129499437,"w":-0.021890215575695039},"size":6.103687763214111,"orthographic":false}