{"cameraMode":{"drawMode":0,"name":"Shaded","section":"Shading Mode"},"sceneLighting":false,"audioPlay":false,"sceneViewState":{"m_AlwaysRefresh":false,"showFog":true,"showSkybox":true,"showFlares":true,"showImageEffects":true,"showParticleSystems":true,"showVisualEffectGraphs":true,"m_FxEnabled":true},"in2DMode":false,"pivot":{"x":9.62601089477539,"y":-22.117490768432618,"z":26.570629119873048},"rotation":{"x":0.3363686800003052,"y":-0.030155889689922334,"z":0.010978209786117077,"w":0.9412780404090881},"size":20.24209213256836,"orthographic":false}